# Lemieux session-name roster: PWHL players, plus five CWHL players documented by the
# Hockey Hall of Fame, one filename-safe slug per line.
# Derived from public PWHL roster listings (skaters and goalies) and Hockey Hall of Fame
# player pages, snapshot of 2026-09-25. Only the slugs are kept: no names as published,
# no league ids or source URLs.
# Lemieux is not affiliated with or endorsed by the NHL, the PWHL or the Hockey Hall of Fame.
# Frozen: never reorder, insert or delete a row. A session's name is the row its id
# selects, so any change here renames sessions. Lemieux.ID.Shorthand explains the
# arithmetic and how a name is withheld without moving a row.
abbey-levy
abby-boreen
abby-cook
abby-hustler
abby-newhook
abby-roque
aerin-frankel
akane-shiga
alex-carpenter
alexa-gruschow
alexa-vasko
alexandra-labelle
alexandra-poznikoff
alina-muller
allie-munroe
allyson-simpson
amanda-boulier
amanda-pelkey
amanda-thiele
aneta-tejralova
ann-renee-desbiens
ann-sophie-bettez
anna-bargman
anna-kjellbin
anna-meixner
anna-segedi
anna-shokhina
anna-wilgren
anne-cherkowski
anneke-rankila
ashton-bell
becca-gilmore
blayre-turnbull
brianna-brooks
brianne-jenner
brigitte-laganiere
britta-curl-salemme
brittany-howard
brittyn-fleming
brooke-becker
brooke-bryant
brooke-hobson
brooke-mcquigge
callie-shanahan
carley-olivier
carly-jackson
caroline-ouellette
casey-obrien
catherine-daoust
catherine-dubois
cayla-barnes
charlotte-akervik
chloe-aurard-bushee
clair-degeorge
claire-butorac
claire-dalton
claire-thompson
clara-van-wieren
corinne-schroeder
daniela-pejsova
danielle-serdachny
dara-greig
darcie-lappan
daryl-watts
dayle-ross
denisa-krizova
dominika-laskova
dominique-kremer
dominique-petrie
elaine-chuli
elizabeth-giguere
ella-huber
ella-shelton
elle-hartje
emerance-maschmeyer
emily-brown
emily-clark
emily-zumwinkle
emma-buckles
emma-gentry
emma-greco
emma-maltais
emma-soderberg
emma-woods
emmy-fecteau
erica-howe
erin-ambrose
fanni-garat-gasparics
fanuza-kadirova
gabbie-hughes
gabby-rosenthal
gabrielle-david
gigi-marvin
grace-zumwinkle
gwyneth-philips
hadley-hartmetz
haley-winn
hanna-baskin
hannah-bilka
hannah-brandt
hannah-miller
hannah-murphy
hayley-scamurra
hayley-wickenheiser
hilary-knight
izzy-daniel
jada-habisch
jade-downie-landry
jaime-bourbonnais
jamie-lee-rattray
jayna-hefford
jenn-gardiner
jenna-buglioni
jennifer-botterill
jess-healey
jess-jones
jesse-compher
jessica-adolfsson
jessica-digirolamo
jessica-kondas
jessie-eldridge
jill-saulnier
jillian-dempsey
jincy-roese
jocelyne-larocque
johanna-fallman
julia-gosling
kaitlin-willoughby
kaitlyn-odonohoe
kaleigh-fratkin
kali-flanagan
katerina-mrazova
kathryn-reilly
kati-tabin
katie-chan
katy-knoll
kayla-vespa
kayle-osborne
kelly-ann-nadeau
kelly-babstock
kelly-pannek
kendall-cooper
kendall-coyne-schofield
kendra-woodland
kennedy-marchment
kiara-zanon
kim-st-pierre
kira-juodikis
klara-hymlarova
klara-peslarova
kristen-campbell
kristin-della-rovere
kristin-oneill
kristyna-kaltounkova
laura-kluge
laura-stacey
lauren-bernard
lauren-messier
lauriane-rougeau
leah-lum
lee-stecklein
lexie-adzija
lily-delianedis
lina-ljungblom
lindsey-post
liz-schepers
loren-gabel
lucy-morgan
lyndie-lobdell
maddi-wheeler
maddie-rooney
madison-bizal
madison-packer
madison-samoskevich
mae-batherson
maggie-connors
maggie-flaherty
maja-nylen-persson
malia-schneider
mannon-mcmahon
marah-wagner
mariah-keopple
marie-philip-poulin
marlene-boissonnault
maude-poulin-labelle
maureen-murphy
maya-labad
megan-carter
megan-keller
mellissa-channell-watkins
melodie-daoust
mia-biotti
micah-zandee-hart
michela-cava
michelle-karvinen
mikyla-grant-mentis
nadia-mattivi
natalie-buchbinder
natalie-mlynkova
natalie-snodgrass
natalie-spooner
nicole-gosling
nicole-hensley
nicole-kosta
nicole-vallario
nina-jobst-smith
noemi-neubauerova
noora-tulus
olivia-knowles
olivia-mobley
olivia-wallin
olivia-zafuto
paetyn-levis
peyton-anderson
peyton-hemp
raygan-kirk
rebecca-leslie
renata-fast
riley-brengman
ronja-savolainen
rory-guilday
rosalie-demers
rylind-mackinnon
samantha-cogan
samantha-isbell
sammy-davis
sandra-abstreiter
sanni-ahola
sara-hjalmarsson
sarah-bujold
sarah-fillier
sarah-lefort
sarah-nurse
sarah-wozniewicz
savannah-harmon
savannah-norcross
shay-maloney
shiann-darkangelo
sidney-morin
sini-karjalainen
skylar-irving
sophia-kunin
sophie-jaques
sophie-shirley
stephanie-markowski
susanna-tapani
sydney-bard
sydney-brodt
sydney-langseth
tamara-giaquinto
taylor-baker
taylor-fox
taylor-girard
taylor-house
taylor-wenczkowski
tereza-vanisova
theresa-schafzahl
vanessa-upson
victoria-bach
victoria-howran
vita-poniatovskaia
zoe-boyd
